bus_id,route_id,user_id,latitude,longitude,timestamp,speed
B101,R01,U001,9.5916,76.5222,2026-10-01T10:00:00,28
B101,R01,U002,9.5921,76.5230,2026-10-01T10:00:05,31
B101,R01,U002,9.5921,76.5230,2026-10-01T10:00:05,31
B101,R01,U003,9.5930,76.5241,2026-10-01T10:00:10,30
B102,R02,U004,9.6010,76.5312,2026-10-01T10:00:00,24
B102,R02,U005,9.6018,76.5320,2026-10-01T10:00:07,26
B103,R03,U006,9.6120,76.5401,2026-10-01T10:01:00,19
B103,R03,U007,9.6128,76.5410,2026-10-01T10:01:08,21
B104,R04,U008,9.6202,76.5500,2026-10-01T10:02:00,0
B104,R04,U009,9.6210,76.5511,2026-10-01T10:02:09,22
B105,R05,U010,9.6300,76.5610,2026-10-01T10:03:00,35
B105,R05,,9.6308,76.5620,2026-10-01T10:03:08,32
B106,R06,U012,9.6400,76.5710,,27
B107,R07,U013,91.0000,76.5800,2026-10-01T10:04:00,25
B108,R08,U014,9.6500,-181.0000,2026-10-01T10:05:00,20
B109,R09,U015,9.6600,76.5900,2026-10-01T10:06:00,240
B110,R10,U016,9.6700,76.6000,2026-10-01T10:07:00,-4
